0,1,2,3,4,5,6,7,8,9,10,11,12,13,14,15,16,17,18,label
208.13783109872367,50.0,0.01,0.0005880047040376323,15.872075544315818,56.8838814586317,57.464085125649476,1731.0,2.0,89.6212987136762,22.72160265150578,36.02153113127261,1704.0,1.0,13.948206360340487,38.82634807971863,59.5626937929414,1824.0,0.0,normal
136.06550547514473,50.0,0.01,0.0005058168942842691,22.30467848313978,73.31292535558916,90.32077588631167,2057.0,2.0,29.499769567913372,73.27864372670952,90.30367617449289,2067.0,1.0,77.32618082281894,35.24613832162188,48.47858749232743,2026.0,0.0,normal
86.30606861326898,50.0,0.01,0.00044020542920029346,45.24777823348547,37.728910086279754,90.90227533911707,2279.0,3.0,48.11043508399709,59.58325555392916,50.36295237885342,2380.0,1.0,82.27810172110848,53.62744778523412,88.83563492870535,2326.0,0.0,normal
118.54396119363246,50.0,0.01,0.0007731958762886598,53.33570420602874,78.40817755290006,70.84448742216438,2649.0,3.0,49.37662704600101,53.40101349891049,48.89302951387536,2684.0,3.0,38.36141206379999,71.46241601515906,65.47129696547857,2575.0,0.0,normal
71.19134685229366,50.0,0.01,0.0008189050070191858,44.91581109337972,20.406294576758842,35.266717217988045,2921.0,5.0,39.482033307364674,58.87748504938939,0.5669683719164986,2943.0,3.0,17.151084255170275,71.28764314605309,27.791550353588235,2854.0,0.0,normal
92.39652452472679,50.0,0.01,0.0008600301010535369,35.15449694417544,38.235381082929216,57.07430016782631,3222.0,5.0,18.610157306465762,53.7145921540389,47.9297215324972,3151.0,3.0,84.99058779218926,55.303021975248896,56.51138847711529,3092.0,0.0,normal
68.011533104297,50.0,0.01,0.0008871365204534253,58.60252480627893,24.22741045234115,42.35166009527291,3503.0,6.0,80.34321667025169,65.88714350569803,6.576224082026205,3389.0,3.0,22.07162183820784,64.15880007678413,92.20406166695399,3385.0,0.0,normal
172.17920066376888,50.0,0.01,0.0009095043201455207,16.665277391869154,67.42974359049549,53.011888430268215,3794.0,7.0,28.25025949483825,31.229441538996355,55.17966951859633,3650.0,3.0,78.02778685820093,50.913700797354494,99.93830912773373,3740.0,0.0,normal
168.4488618151838,50.0,0.01,0.0010141130736077072,53.730168528170665,55.24655690533662,26.73102740337732,4091.0,8.0,31.698694693721237,58.521499384249694,61.99374818863463,3941.0,4.0,41.52640418080196,20.584158374608936,72.28066916762958,3988.0,1.0,normal
112.53974532517333,50.0,0.01,0.0011165164686179122,88.84649968924687,64.77038475181331,3.1522602585327575,4342.0,8.0,15.624804461213975,63.35366566280135,7.564632655903325,4184.0,4.0,68.83989587536578,56.89959433047799,64.34318947935029,4237.0,2.0,normal
122.64437791700266,50.0,0.01,0.0012559101654846336,85.8868875095779,63.2168608764714,22.028969324672076,4619.0,11.0,76.13218648634532,23.374937725276645,71.0346607714194,4539.0,4.0,22.70759799539985,27.73401133435997,81.19566949567745,4560.0,3.0,normal
168.1525292326583,50.0,0.01,0.0013173403591485821,52.21402858490262,58.99582998952655,95.33555574804937,4830.0,12.0,41.64690904285193,65.35788527708188,14.174535585197823,4869.0,4.0,68.92584082411858,68.22697581265595,10.70879978249808,4849.0,3.0,normal
60.86024886525264,50.0,0.01,0.001252306881096757,21.193820732516045,35.247156117388286,32.622514647699965,5119.0,12.0,17.993039133550752,27.833726478545945,61.04127650593959,5121.0,4.0,40.70582916374393,28.007968578432674,12.494066061057351,5074.0,3.0,normal
38.36555261674768,50.0,0.01,0.001258019876714052,61.91524135003752,32.329097672977454,61.0641975063642,5377.0,12.0,63.461160995295074,71.62202056602935,39.486943315063925,5410.0,4.0,42.91732091581949,31.12659677833896,52.95457174531625,5387.0,4.0,normal
151.521826676562,50.0,0.01,0.0011893434823977164,56.042355914807025,72.0623348579005,4.867512908013627,5672.0,12.0,75.38386007083864,38.51709366663621,60.83819695894871,5708.0,4.0,14.137157041243889,54.70818968850949,87.41935830783801,5566.0,4.0,normal
115.39358890664998,50.0,0.01,0.0011208249271463797,38.10377648859788,41.970664291934966,52.08837086845497,6033.0,12.0,46.913775691636005,63.03432243775506,75.5651431747988,5996.0,4.0,34.53696743962725,70.5561932319705,7.475768189514998,5891.0,4.0,normal
169.53533499449065,50.0,0.01,0.0010854227721697602,47.10342960716429,59.68087730977469,41.88161649193033,6227.0,12.0,81.88488777675828,38.765071836590536,14.4382675960527,6270.0,4.0,66.10534402908289,78.16084603237351,9.771702390517511,6149.0,4.0,normal
75.24457574715953,50.0,0.01,0.0011066610455311974,36.6178912322747,61.22310162331022,43.23245587684683,6354.0,12.0,74.91480688679695,40.964334908885995,65.76678345737447,6369.0,5.0,48.15766533701375,60.92974266566548,91.26437714921532,6411.0,4.0,normal
40.06563729083771,50.0,0.01,0.0010594823671863176,23.95627572687845,20.211337898949925,49.697241919105394,6687.0,12.0,57.13140471994799,73.12413933374594,75.49534231784259,6631.0,5.0,24.64771619904849,32.45891924723761,23.410722173408484,6715.0,4.0,normal
64.38022860554956,50.0,0.01,0.0010161618116713443,58.44544146927517,22.9584468899043,91.45899902090953,6941.0,12.0,37.51970866508615,22.0529167219906,19.341809771629283,6942.0,5.0,74.39907439036605,47.2315168750304,75.78143711695145,6969.0,4.0,normal
172.99937101273085,50.0,0.01,0.0009767441860465116,31.765380372942957,28.183768210999126,8.96844025675544,7216.0,12.0,26.009168343531428,40.68269778418099,53.18323116430912,7248.0,5.0,22.55321385055698,58.15671802534782,54.284437227344064,7299.0,4.0,normal
202.4614804303232,50.0,0.01,0.0009383378016085791,81.59436882567232,40.04085626111187,57.98374331623721,7401.0,12.0,73.25140937852171,68.40881875043009,42.9582578649738,7611.0,5.0,28.13474497327568,51.25490141133867,75.22340866185203,7596.0,4.0,normal
79.10541259162699,50.0,0.01,0.0009063052954123689,25.33016616470568,34.22502144950766,51.91134559955761,7634.0,12.0,36.22112703945591,45.02664412478017,13.712027639355762,7788.0,6.0,88.22487846185314,21.75198626755837,72.29350364159983,7906.0,4.0,normal
115.32930715280757,50.0,0.01,0.000962182061579652,11.748221062055562,51.93719745391973,18.811904716292794,7949.0,13.0,77.05413640223252,70.42056774215595,63.9596579235304,8022.0,6.0,59.8723989650263,64.74596107518502,73.69645349329174,8109.0,4.0,normal
184.91060864662649,50.0,0.01,0.0009266720386784851,11.125441082471372,34.70831178950071,50.8167613805376,8261.0,13.0,75.95990701506467,36.51559149983912,46.37670919290658,8287.0,6.0,11.563207724218225,75.09548770561139,38.07553165091358,8398.0,4.0,normal
121.81403585062031,50.0,0.01,0.0009722330248113868,79.5080112025773,65.3205228962622,3.285268816675302,8723.0,14.0,75.49838865390255,54.17213159983721,90.91504418130897,8500.0,7.0,42.35764503970931,64.05316363957775,68.95624559380403,8625.0,4.0,normal
65.62908721138149,50.0,0.01,0.0010149612811066837,73.2597975887513,53.12539603314876,13.237303539034572,9068.0,15.0,35.91451003669338,33.161021274381795,65.01991981185836,8778.0,7.0,22.72877185281912,45.45477668128742,36.312758183156944,8847.0,5.0,normal
115.20801783441046,50.0,0.01,0.0009928295642581356,44.374312981652366,46.02089710613371,8.435661489320934,9253.0,15.0,27.380854716279934,40.51591807870786,36.408569341336474,9017.0,7.0,32.242669944346254,78.1802437072586,75.85072592286667,9092.0,5.0,normal
141.15093229255876,50.0,0.01,0.0009553464015285543,16.795850316238543,58.817294510482036,9.099122316310371,9616.0,15.0,24.774233282034224,26.191519385070634,38.692367138195,9345.0,7.0,55.48111081200862,36.08929498105195,62.09063897373359,9537.0,5.0,normal
200.74656143175463,50.0,0.01,0.0009553053565336063,42.72087358707657,64.92072179507727,33.89089707849096,9902.0,16.0,88.75788074723266,43.82502310616514,88.49120240843125,9615.0,7.0,89.78519560873244,68.69644846017984,94.66370702295683,9898.0,5.0,normal
131.29660968960985,50.0,0.01,0.0009366114734905502,45.73759677649989,57.54635322250145,3.7867322579835494,10140.0,16.0,55.05290088577034,63.82182684697423,25.230378908264804,9859.0,7.0,62.32902639367532,59.83222434859185,6.022747723899425,10138.0,5.0,normal
102.09617952068731,50.0,0.01,0.0009732360097323601,14.43647545868136,57.71315484600342,19.46624149993047,10438.0,17.0,50.5623223383226,70.4198058767173,39.49902208011594,10079.0,8.0,25.05444615532035,66.06179102184844,53.694942294237954,10485.0,5.0,normal
248.23865049153682,50.0,0.01,0.000978689818468824,28.760987604938677,69.17820113280206,97.78363620030053,10761.0,18.0,12.296415416298263,54.91938401754197,48.774743919709316,10405.0,8.0,49.524650578204856,58.31608012339478,8.882010318976896,10738.0,6.0,normal
72.00390237489366,50.0,0.01,0.0009835864019179935,43.80484215059616,50.87180952426173,58.37827304815061,10971.0,18.0,11.5838795682658,52.06287790331281,29.629062867834854,10775.0,8.0,71.9767794008342,23.882073345176316,81.47470495992,10945.0,6.0,normal
126.56756893392453,50.0,0.01,0.0009572526847946394,18.85734434434528,25.30530165008289,57.70899331108461,11275.0,18.0,39.973647536003114,35.1180690075828,27.037337998915312,11055.0,8.0,88.71381790316421,51.91534880846835,57.531105607252975,11257.0,6.0,normal
204.4409625382354,50.0,0.01,0.0009351529851836699,50.82912872874378,70.37498663802273,41.288812223815064,11596.0,18.0,24.912087094313115,34.21828419002799,45.07159550993881,11302.0,8.0,85.2120695300212,61.06983305065835,58.919447962287144,11565.0,6.0,normal
263.8536108127573,50.0,0.01,0.0009088843444671666,19.53184348823248,74.38354459345612,21.979614587399265,11881.0,19.0,64.51363031915373,33.117295905467756,53.86191021850656,11585.0,8.0,66.44351316232925,31.6352524154991,6.836408177132681,11834.0,6.0,normal
148.3532214672307,50.0,0.01,0.0009171762090050028,44.23601856907764,58.538167013422374,64.53201611203048,12158.0,19.0,48.98496844192359,62.63609078454114,63.53108143200369,11901.0,8.0,31.578930542187642,78.90220325158215,21.544981799822573,12063.0,6.0,normal
101.4643370065294,50.0,0.01,0.0008981302561032033,22.22793463096357,77.318928487071,21.707039182015986,12394.0,19.0,60.040472163528634,43.35574049084959,91.15679668716284,12099.0,8.0,78.3510201728869,55.66015675694865,87.01761281863266,12443.0,6.0,normal
197.38353416363555,50.0,0.01,0.0008790857508191481,59.9563922593362,64.89976320981748,76.10293385397654,12563.0,19.0,80.64625331749112,20.87700213988756,19.421225652665353,12447.0,8.0,29.717023833542406,36.77120570740256,83.80587200615295,12658.0,7.0,normal
168.01924016174138,50.0,0.01,0.0009158467657525643,57.93656589043277,37.297535095800164,89.73257417487261,12829.0,19.0,26.669852073007885,26.982543357199624,16.229266210810422,12682.0,8.0,77.61755789870236,39.733014712028606,93.40354261514148,12915.0,8.0,normal
189.6852541996256,50.0,0.01,0.0008958738609603768,77.97313559477698,44.28635252937441,71.40008115587918,13159.0,19.0,45.08279428899162,47.571947955646394,34.73486435380241,12951.0,8.0,30.27535735592143,42.20545147098881,36.65295551322484,13144.0,8.0,normal
240.234591432,50.0,0.01,0.0009261808806227941,16.198351649989924,37.21738619464483,2.1380716091422225,13481.0,19.0,26.183683030664,39.004713645634055,8.766847760324426,13229.0,9.0,72.2651222116427,63.40477189917705,49.33374587206455,13401.0,9.0,normal
81.70670829998656,50.0,0.01,0.0009584193453258626,52.47417958298948,20.00382188575099,2.006880855836224,13784.0,20.0,78.55635649560178,38.64315672354589,27.01011261664045,13464.0,10.0,13.69926710984342,21.02241575391574,32.21107597070093,13618.0,9.0,normal
176.7080043121581,50.0,0.01,0.0009641806874608302,69.8251705535306,73.39968693376746,1.4230970456527103,14046.0,20.0,69.5828975431782,58.57241008571206,74.59619599663027,13730.0,11.0,43.82453722940898,46.36927062844817,92.62153656909632,13869.0,9.0,normal
258.46859561474116,50.0,0.01,0.000948136910969944,54.61552164536001,70.64473369020968,88.3340710314988,14365.0,20.0,44.58277014042906,68.80283403138846,52.01901463978328,13947.0,11.0,70.75623365413122,71.19081143090006,41.3572471734822,14074.0,9.0,normal
128.95029137254545,50.0,0.01,0.0009263118892130981,24.112470172880673,73.89160240786453,49.52463539808405,14697.0,20.0,52.10414830935282,65.05775703688323,4.602170184096066,14283.0,11.0,21.771067874798213,58.12671535732776,76.6268141736876,14428.0,9.0,normal
149.33348805760517,50.0,0.01,0.000908987615043745,48.27867313147313,34.97869023084788,98.58383453176678,15041.0,20.0,41.76788461870915,71.0722678248024,97.03266788836481,14562.0,11.0,74.28420792342845,45.03787096309104,39.33855657842293,14640.0,9.0,normal
37.7253230568839,50.0,0.01,0.0009112123569285476,77.91950476787613,47.93131470825202,80.92288710842651,15348.0,20.0,41.59095873809222,61.03452722498666,20.791823935061693,14949.0,11.0,54.30651032403504,38.076284605095395,85.48763064450839,14872.0,10.0,normal
113.33747065776495,50.0,0.01,0.0009167903606042085,62.5546418760245,60.787189159421395,10.214648173847129,15593.0,21.0,82.44127632831295,44.659531751693955,46.80856277308002,15261.0,11.0,84.22812163037622,30.058226923601623,15.370793950485739,15056.0,10.0,normal
67.3818422186274,50.0,0.01,0.0009461144798520621,40.744101322227586,47.49233696831135,29.2047699603182,15928.0,22.0,16.27734429590192,70.44763757495694,26.88662987659679,15463.0,11.0,32.55022285007514,25.93605123102353,2.2578343045363214,15290.0,12.0,normal
161.3758911748034,50.0,0.01,0.0009503695881731784,37.54124885522308,38.6543752948122,64.19151133320072,16071.0,22.0,88.07685438702987,46.76875892633834,47.719987535993525,15813.0,11.0,73.05643496317671,60.591761594195525,39.02495277549637,15570.0,12.0,normal
221.86009448848216,50.0,0.01,0.0009350455055479366,58.639435769651875,78.46568231634657,39.77791365287238,16295.0,22.0,46.32951027215316,71.90078165961165,13.791451590984616,16128.0,11.0,69.13325163394575,61.72098544148224,31.350029441579053,15837.0,12.0,normal
128.92285352304043,50.0,0.01,0.000919906782779345,58.19810019477592,52.928638563318074,19.095551017025635,16505.0,22.0,34.19634716997342,37.38901234093433,72.43220713021033,16499.0,11.0,56.27665417362287,59.31976377147702,93.35606158507908,16108.0,12.0,normal
185.557190534315,50.0,0.01,0.0009232683700299059,44.52549216599693,62.41263733772871,99.6955124792976,16753.0,23.0,89.88333621891036,24.30325759104985,63.931655702996515,16786.0,11.0,33.61428685984653,46.25277550345615,96.97545988249999,16406.0,12.0,normal
107.0145149280224,50.0,0.01,0.0009261996255788748,63.55095840578487,25.19290424058363,69.0716167131032,17108.0,24.0,36.62957492716538,54.92331198794762,64.86002056392472,17018.0,11.0,72.82519348148841,29.072563091500825,80.31976909411244,16700.0,13.0,normal
37.540209061495744,50.0,0.01,0.0009731981236740175,58.13305647056791,40.13726114979706,74.88805195958139,17316.0,24.0,20.4366019642368,20.306591086088442,2.6967429787826513,17284.0,13.0,76.53992491801058,57.030684298953844,64.04062838502298,16901.0,13.0,normal
226.46817237699443,50.0,0.01,0.000977554580130724,61.104903327107536,52.59975033243482,70.7476886015037,17605.0,24.0,36.5222068481058,31.327700196895222,64.26625200078247,17529.0,14.0,11.079734524525922,50.91648346350458,58.35580774352264,17163.0,13.0,normal
186.86005676005738,50.0,0.01,0.0009636095680761818,41.605701110265265,53.22437309454616,51.52867802949665,17872.0,24.0,52.1165120703602,22.251856284546513,99.30004239650222,17828.0,14.0,18.738403811386803,28.418185651853868,69.39195022393983,17385.0,13.0,normal
227.89949559940212,50.0,0.01,0.0009829923771723205,39.72172307109332,75.14179467628888,59.59964070814193,18202.0,25.0,75.81310984616267,23.455802157914846,44.944231087545006,18118.0,15.0,75.96782921056936,57.55598185410456,25.729458900726176,17681.0,13.0,normal
201.86462717003837,50.0,0.01,0.0006600660066006601,18.275765694130044,52.62609907661573,35.80029708581015,1552.0,1.0,68.44796698948859,61.75874654908062,85.44686501565886,1539.0,1.0,20.80697597061759,74.26603290263404,88.05312033268383,1632.0,1.0,normal
40.95189684385372,50.0,0.01,0.000551774875850653,82.875283395051,36.822244149163865,92.38353675949767,1828.0,1.0,82.29529447521475,21.293126969200003,41.8586181093496,1801.0,1.0,70.32920704391502,60.322467224047266,23.88260387124759,1876.0,1.0,normal
206.57559108980115,50.0,0.01,0.0006422607578676942,66.61170051032097,23.03953507714874,47.4194525604819,2089.0,1.0,29.000060996135666,34.159877144896534,17.37187732059643,2156.0,1.0,37.72380331945044,32.56861573636364,23.091144465431846,2158.0,2.0,normal
192.1135743442876,50.0,0.01,0.0008599684678228465,29.338953286907696,68.56284612763366,82.57778270994977,2393.0,1.0,45.23493153364452,39.73213311040835,26.336705064812005,2425.0,2.0,82.34710882099384,38.61718254782669,96.32435355209121,2351.0,3.0,normal
162.64738191131082,50.0,0.01,0.000896516393442623,14.522878968664408,21.06420327736116,71.82339547377788,2653.0,1.0,26.739805759227693,38.861046891505026,41.91451004450947,2577.0,3.0,86.97058773916521,41.2864164720082,76.85756530281121,2677.0,3.0,normal
224.05910142503524,50.0,0.01,0.0008090614886731392,49.26100078722386,74.34121861747208,30.506302347077774,2955.0,1.0,67.39575680843187,48.47709348939365,75.74535498690655,2907.0,3.0,48.0209547757747,62.58675775739304,78.32949741799605,2988.0,3.0,normal
150.7069678031787,50.0,0.01,0.0008525149190110827,62.55942697878733,32.68859169611176,21.2647905020501,3178.0,1.0,33.32215654225867,58.19931014458488,21.748522352599608,3080.0,4.0,68.18092259502586,35.40921811022148,84.4730150670195,3293.0,3.0,normal
122.48908483391554,50.0,0.01,0.0008729388942774006,10.253860368150951,24.49191535436764,38.01963404354718,3452.0,2.0,10.434435669520346,64.47068190714776,38.20178403575715,3407.0,4.0,45.47689903597952,69.00198421902493,8.364091715603351,3645.0,3.0,normal
186.88265477205897,50.0,0.01,0.0009008197459688316,85.86183953852746,44.890963102124445,36.637637418819146,3753.0,2.0,65.66084187753972,46.619986032160256,83.71130704742619,3631.0,4.0,49.58682385868578,59.601926763829745,10.413349444445785,3877.0,4.0,normal
158.92444373746443,50.0,0.01,0.0009147609147609147,48.342859868229475,47.57726533653563,64.72028544122472,4079.0,3.0,39.280000056332796,57.85027974332535,54.10287572225682,3931.0,4.0,67.12846449536288,68.31463665521211,47.76928397351706,4159.0,4.0,normal
158.02680243883015,50.0,0.01,0.0008505373849841491,89.9123640607445,26.60757141727643,52.36127093435942,4403.0,3.0,77.82909410008035,41.05188390325374,71.96095848216851,4362.0,4.0,62.12699931815203,69.33388059092958,13.067351943735517,4345.0,4.0,normal
125.34054693635377,50.0,0.01,0.0009323006310958118,84.27072302380834,64.5473689029333,77.64831941872635,4626.0,3.0,31.246861818033224,41.410075170434204,92.15928220408446,4752.0,4.0,53.943897400640054,43.88115833605543,76.986728825822,4691.0,6.0,normal
230.55250267597603,50.0,0.01,0.0008764832793959008,61.46439091755309,44.60797937376537,17.343796716776826,4860.0,3.0,81.86994724944027,71.72518026799256,46.867653192788204,5097.0,4.0,63.804123235818565,54.08251545990257,72.23809725915578,4940.0,6.0,normal
121.46370585920614,50.0,0.01,0.000839901796097687,47.782043040665734,63.16583504060075,14.585199795639259,5130.0,3.0,89.73414165368214,55.696412731172614,59.00177937926527,5354.0,4.0,59.70838254440856,52.95968208189208,62.968212677876025,5206.0,6.0,normal
72.95947823382946,50.0,0.01,0.0007902255182055802,72.57426377234052,78.71515556103785,86.50034647522826,5491.0,3.0,55.13029545752299,30.329423831783664,69.80351467921109,5653.0,4.0,21.653608695670172,60.36175437051733,5.155550763177974,5470.0,6.0,normal
113.02520299309033,50.0,0.01,0.0008134805345729227,79.20721525707054,30.46400081125637,81.36922436269805,5719.0,3.0,27.378209599135374,70.11501286728597,3.3178745724259606,5921.0,5.0,26.551801749051975,69.72049272903757,81.62477206247473,5745.0,7.0,normal
174.939878636117,50.0,0.01,0.0008271754714900188,29.434552937932708,45.19919189944045,75.2390934796952,5997.0,3.0,72.49779626129275,27.140187068310304,89.74178223401151,6305.0,5.0,39.48612912759224,77.22555088458263,86.27195681763885,6029.0,7.0,normal
200.45281465383522,50.0,0.01,0.0008446837715130398,76.94818217344533,57.74215341637267,74.12999410880275,6278.0,3.0,36.222300911912804,29.538630638021733,2.66623552223223,6500.0,6.0,39.08378832111886,65.65060335233056,14.14306973499283,6330.0,7.0,normal
115.26136531796878,50.0,0.01,0.000814663951120163,80.14260636185875,25.764837043902443,54.236157708214414,6532.0,3.0,89.26119679054104,27.939549583615328,91.82584390526839,6754.0,6.0,87.38924062508138,62.46901848161403,48.746409739236555,6616.0,7.0,normal
63.291330460295455,50.0,0.01,0.0008282985772753849,23.47052228991087,32.48651376612335,95.72586033140938,6787.0,3.0,54.05756092440737,22.96433131444674,21.528604085038396,7005.0,7.0,71.46678581355681,56.09230022591887,72.52848952841947,6865.0,7.0,normal
175.2423230478082,50.0,0.01,0.0007944667725955696,46.22543458506616,66.49545326812303,49.179369911117476,7111.0,3.0,22.31587425884357,72.99271584591975,55.98133913733944,7220.0,7.0,38.40307471145421,76.30768723641145,74.46244286016582,7189.0,7.0,normal
179.28065634009647,50.0,0.01,0.0008115419296663661,83.9000960400884,76.07112840235723,69.28437479933106,7429.0,3.0,50.15094679478433,35.65755642174133,35.95436231383332,7469.0,8.0,11.844957720260485,32.31817795691795,87.12049433385538,7484.0,7.0,normal
201.4803288097865,50.0,0.01,0.0007834261838440111,74.15885055913276,28.336889326067528,34.38331892831372,7674.0,3.0,51.596931859856824,42.751050826689806,69.77544739182888,7710.0,8.0,14.848618999565852,55.195226578347764,41.146769238545865,7678.0,7.0,normal
165.2932574087229,50.0,0.01,0.0008421761832575374,74.83252335696085,66.53033980885834,36.5772926063429,7924.0,4.0,22.166708225770584,58.771088573643496,64.6397948543449,8008.0,9.0,50.802441624434316,33.26239138579147,67.68141747389902,8017.0,7.0,normal
116.3524922502438,50.0,0.01,0.0008121497604158207,85.26527922918366,35.99036849039032,88.84880138247385,8264.0,4.0,43.36238032542744,23.531046150544025,70.85250882027879,8256.0,9.0,62.050967254107505,27.783399181805958,31.05214752014711,8292.0,7.0,normal
166.7212640939727,50.0,0.01,0.0007830853563038371,38.59065467048758,74.64111577280508,70.40176681129012,8568.0,4.0,87.3931588844535,38.06909223810638,65.81589414300912,8581.0,10.0,86.35810873532135,77.24877237235614,78.62267586546258,8617.0,7.0,normal
178.70052336493967,50.0,0.01,0.0007931112621799229,23.336389660724954,49.379124671056644,44.97737893550825,8917.0,4.0,61.70385240641622,51.53819176095065,68.16558040777325,8864.0,10.0,10.994791129283836,20.493081908218688,13.555178474519348,8914.0,7.0,normal
157.62270151390797,50.0,0.01,0.0007707553402334288,33.813291923935594,52.188868645891844,85.38575472094779,9225.0,4.0,52.39827333290109,24.354670112650822,88.7575681071163,9044.0,10.0,63.58794685784047,59.22190143030409,83.56027771552239,9182.0,7.0,normal
249.02673763220724,50.0,0.01,0.0007817219201932985,13.695517850589116,77.42365993731559,81.38571712320098,9485.0,5.0,74.38793938122376,74.17302326318338,65.14499182361631,9341.0,10.0,70.2395282591337,78.54116770102095,88.73984366303638,9520.0,7.0,normal
84.11790693450945,50.0,0.01,0.0007585160667494139,47.793711394959644,72.03630750893447,30.912293867815045,9839.0,5.0,16.772330402716946,65.27179668285487,68.41353851379958,9588.0,10.0,55.74697540494266,78.99184760888502,40.358044705286666,9827.0,7.0,normal
207.16619050599672,50.0,0.01,0.0007687679657731131,67.07999786916002,73.45373147541014,88.03502395678174,10138.0,5.0,33.54127974708233,22.006554381020443,61.138195675900086,9866.0,10.0,42.20137600967938,54.36958835219513,68.48721316850148,10069.0,8.0,normal
101.52255745019386,50.0,0.01,0.0007522977790861218,78.55676865636785,75.29678372256653,59.16793487153856,10433.0,5.0,29.33444415802076,43.86067499042428,35.544317839450024,9983.0,10.0,55.80468514360359,49.34829190364857,78.3676582593374,10317.0,8.0,normal
58.616364607882424,50.0,0.01,0.0007348008050860995,63.936023540973665,36.39454173047287,69.15474512986218,10724.0,5.0,44.48090453048239,61.03104081963505,79.5084241464562,10178.0,10.0,70.3151742129418,20.289627740675137,82.01995572435968,10623.0,8.0,normal
163.3351474720693,50.0,0.01,0.0007434023045471441,13.418854855631954,53.29998424156139,11.855152798771684,11016.0,6.0,24.413746559296925,33.502961896537755,42.22594783193973,10526.0,10.0,41.03052764475485,49.21171062882945,5.213884045173012,10961.0,8.0,normal
192.26078714279168,50.0,0.01,0.0007215874924834636,22.646383243977297,21.39757637535443,62.652290699260014,11363.0,6.0,36.74788773673687,26.208093957413052,29.93092276845607,10796.0,10.0,22.263853761932637,67.7326017126305,30.69304147975982,11255.0,8.0,normal
78.93872957300951,50.0,0.01,0.000736008478817676,56.27731252270859,55.40609935535816,86.59458291547962,11550.0,7.0,67.43030067075321,74.68234921558647,38.579694189576585,11025.0,10.0,73.16989044958365,56.48790484965835,16.680752357706208,11522.0,8.0,normal
161.5110437240873,50.0,0.01,0.0007188452469952269,40.50688509232894,49.621570959397985,12.844581867378135,11832.0,7.0,86.57311582970658,23.30987150156657,83.18862025623062,11316.0,10.0,42.42347397764373,71.13397579294337,53.18565553426169,11773.0,8.0,normal
98.74028923951369,50.0,0.01,0.0007019514249613927,70.57194468198784,61.22445913165929,58.93670473263636,12142.0,7.0,29.94301304753958,76.35125022500799,7.596145991071701,11627.0,10.0,24.218851400170706,62.910900288756835,17.665975533616376,12006.0,8.0,normal
144.29530266446915,50.0,0.01,0.0007143838439346064,89.80752533794559,33.83209507427156,71.69635506748449,12409.0,8.0,41.74027899912087,33.663919294316855,17.185455003503026,11957.0,10.0,86.95223788457656,49.80922602706703,33.16071071054294,12264.0,8.0,normal
188.22369315107338,50.0,0.01,0.0006977617948580323,72.26366822155683,70.38293814535146,47.54162758662147,12675.0,9.0,59.13393175516848,51.862356335466714,46.03779772699692,12165.0,10.0,24.099541690775645,32.004317577455616,21.549476095993313,12563.0,8.0,normal
105.88440136691315,50.0,0.01,0.0007397426752265462,66.51656631230264,68.94049742437142,42.8435011017376,12900.0,9.0,88.05475932083024,44.118447198903226,35.92803036804941,12337.0,11.0,32.77077622175008,47.48865461105369,8.23616577686279,12808.0,8.0,normal
138.2019924936198,50.0,0.01,0.0007206279758074893,48.99625075651413,34.372798511259155,92.99660154353407,13259.0,9.0,17.15129207545555,64.43539132240132,29.697015481965337,12592.0,11.0,42.49443443680473,58.42331739405305,28.631292823314258,13112.0,8.0,normal
114.71262309375756,50.0,0.01,0.0007860239864093917,69.2790059586342,30.0110028888243,59.111537871334576,13471.0,11.0,68.17151335981609,42.78644568278257,3.05734004760434,12840.0,11.0,57.29666452029467,51.633421540848694,75.461852914038,13298.0,9.0,normal
143.1498192079632,50.0,0.01,0.0007696318180689689,30.106993027471365,38.433346915741296,50.94391651339845,13731.0,11.0,32.54602657153748,55.82186150824043,74.92283728052168,13165.0,12.0,82.90602216890383,43.1227154193445,11.998441645206803,13589.0,9.0,normal
43.43475713084793,50.0,0.01,0.0007784941004743949,48.216451505107116,75.07119738166327,43.22864023887498,13893.0,11.0,12.760492216090444,22.512165899588982,13.502782203131037,13504.0,12.0,39.36445679856229,56.17548393212039,96.5715542797093,13849.0,9.0,normal
155.62291932309034,50.0,0.01,0.0007627765064836003,63.36667778098172,54.77982740418787,83.79757465533847,14153.0,11.0,60.75167713551339,23.13153708810276,66.52722071435552,13797.0,12.0,36.443341327009186,74.5697532074042,54.041977954916185,14146.0,9.0,normal
163.878157455698,50.0,0.01,0.0007478557573208067,13.327098618710371,25.21342518382143,0.9935277997562664,14415.0,11.0,44.5085510325471,72.6336623760084,18.44812744773985,14177.0,12.0,61.2835291467325,70.76795050870979,32.354130395180036,14412.0,9.0,normal
253.07557619201725,50.0,0.01,0.0007324330510414282,20.6189981916323,63.04768971959245,21.076723678166655,14699.0,11.0,31.51469249644051,50.51961177226587,34.95927346589222,14479.0,12.0,43.15076351371185,36.992674028997435,39.59559585387821,14775.0,9.0,normal
231.20150375679106,50.0,0.01,0.0007411732997933698,54.30685813211398,33.85617828928049,5.61532760642085,14957.0,11.0,12.861073252201498,20.426443341562916,29.919190112649986,14724.0,13.0,49.064091996140206,68.3004849631335,30.107027165550104,14952.0,9.0,normal
188.6773061628072,50.0,0.01,0.0007504524787003929,51.92001002146142,62.459297696408946,90.87740595314793,15198.0,11.0,15.664132349510265,51.204334027825965,59.81266008757837,15039.0,13.0,33.1262322643485,79.1898322716128,6.627446572664009,15275.0,10.0,normal
180.25534282711612,50.0,0.01,0.0007376871338685182,80.35625026211194,23.68972175166408,3.9488004890421813,15483.0,11.0,35.38312651160193,68.53639988932875,82.41301614473115,15226.0,13.0,25.085872871626755,74.00518378260932,67.50619980768951,15568.0,11.0,normal
180.77171511153344,50.0,0.01,0.0007677215729762006,12.10928582569152,35.52146976635535,0.9649023084749242,15720.0,11.0,10.380094887036675,37.88000239732556,60.10435589890676,15506.0,13.0,46.27470958892221,74.50356452084056,95.86759536900202,15802.0,12.0,normal
172.09286249385465,50.0,0.01,0.000779062177584065,49.338157980487445,29.708241588644253,86.92621404358137,15951.0,12.0,31.492405978977178,28.283973499838282,15.706245699465903,15750.0,13.0,74.13028755594839,79.22073732812008,61.86675722889981,15923.0,12.0,normal
159.2290126947659,50.0,0.01,0.0007880220646178094,80.55078566424021,45.764246833040254,47.24093798959556,16278.0,13.0,63.19862163293777,26.729628874961705,38.87177654373052,15969.0,13.0,25.566235554203303,36.14542673167625,93.42109483874633,16155.0,12.0,normal
183.28326482352085,50.0,0.01,0.0007960483344219465,71.08799656804321,47.43492420132984,1.4160677381061193,16522.0,13.0,15.647552058175025,45.93007754156919,20.229244813798164,16187.0,15.0,88.8684262694372,37.406768390378325,22.944268506848854,16375.0,12.0,normal
232.45242607762296,50.0,0.01,0.0008243525816310118,54.33115316247619,63.10049682563036,17.11718133612341,16788.0,13.0,75.97420106555174,56.73842925314757,31.53011735621152,16466.0,16.0,18.0982995571842,31.928213554520287,87.62134056756959,16685.0,12.0,normal
144.63651778839107,50.0,0.01,0.0008115115887813471,65.80443213667309,53.959343512001226,36.054501179096135,17002.0,13.0,14.984919442999054,25.96371059421797,43.6478392738121,16774.0,16.0,67.93305939000348,34.08797261265862,91.31188791410581,16970.0,12.0,normal
211.82686263191204,50.0,0.01,0.0008161203194528107,29.004733012996226,23.811451039841216,43.46763542861729,17279.0,14.0,58.00290928795148,39.165168242108734,66.28800402008513,17029.0,16.0,22.222639209920303,61.358883332711905,13.362822176256762,17222.0,12.0,normal
172.7353459223952,50.0,0.01,0.0008241968872191981,32.5315294834457,74.1686609071628,55.33514727213611,17509.0,14.0,52.85407050350823,28.98363973550345,50.099672895667254,17363.0,17.0,59.35201759180256,43.181791516742265,55.35963153459515,17490.0,12.0,normal
100.51095240083153,50.0,0.01,0.0008100979653353429,83.44562605740533,32.877195090544475,85.9860427193639,17745.0,14.0,41.954362796960865,62.26408334478957,68.96340259089058,17678.0,17.0,31.038936382712528,79.79820267922648,83.09788308943831,17820.0,12.0,normal
141.79129852492983,50.0,0.01,0.0007978624707759677,89.500108760591,92.00304427486519,100.0,17956.0,17.0,100.0,91.47610699450358,90.95593626070743,17958.0,19.0,34.28439351588436,68.03505790551702,17.321894207181522,18088.0,12.0,botnet
202.99973358375485,50.0,0.01,0.001188734455010973,17.733732754724763,33.1652884904496,97.81133321572399,18216.0,25.0,17.859627741576666,52.16317901535663,4.191911553457617,18243.0,28.0,29.830551122364675,66.36402066867643,71.85987781264856,18459.0,12.0,botnet
229.4685475282796,50.0,0.01,0.0014582770726438022,81.42771017909082,74.15486902658456,67.93429075586903,18421.0,34.0,71.90691386733192,56.21639399647046,64.20701750973308,18512.0,35.0,49.611720853676744,57.402963749533654,24.191377541132674,18727.0,12.0,botnet
212.56607926015647,50.0,0.01,0.0018819686101839359,34.568988126656706,49.40405420536054,84.7937837310402,18701.0,46.0,64.9431611467137,45.78363793269711,41.54085501373854,18736.0,48.0,50.40633477570334,37.74345111113794,38.642602304504514,19017.0,12.0,botnet
180.62916714001577,50.0,0.01,0.0022582452209229044,53.42230971576694,49.04737222780089,81.95340971146854,18986.0,57.0,71.65790769802327,47.417421381340745,46.674445368424514,19017.0,60.0,57.87088330182907,54.71027847344328,55.25972960092277,19324.0,12.0,botnet
241.52830541104464,50.0,0.01,0.002564146987993555,72.09101608531981,46.77529568671079,51.85441007596147,19167.0,68.0,99.69888821605794,70.07427825039684,67.13216867306721,19193.0,73.0,29.156583159770957,32.432716368414496,25.086383428925675,19467.0,12.0,botnet
156.8704624529964,50.0,0.01,0.0029015685538240966,88.14671960691639,47.02337887428513,97.89324959169886,19507.0,78.0,57.34433093047221,49.2828121890912,50.49802195806863,19446.0,82.0,31.519617596636202,64.76053663571825,87.80439741292794,19820.0,12.0,botnet
179.58832203341976,50.0,0.01,0.0032519503277224555,100.0,82.36087472381482,98.46506588537918,19689.0,91.0,41.56295279516521,48.46868586854295,100.0,19714.0,94.0,79.3060965675742,31.976239543124777,5.8482634394591,20052.0,12.0,botnet
237.22735588147094,50.0,0.01,0.0035575947999268533,70.41332051222304,62.0108367093684,100.0,20030.0,101.0,51.10703581457125,95.36472363945094,100.0,19922.0,105.0,72.69340809653421,32.347499790762306,35.51824790142545,20376.0,12.0,botnet
203.62087938442906,50.0,0.01,0.0038567583535744766,70.04005174284379,96.44103877131815,70.61122745380429,20274.0,113.0,49.005735964634376,52.135768478690494,100.0,20207.0,114.0,48.841151454207164,69.85211262468056,3.5060693707826163,20666.0,13.0,botnet
162.42897717795984,50.0,0.01,0.004131829671398017,66.37606995064024,39.47320813253952,100.0,20560.0,125.0,94.33474966280522,72.51020238956515,100.0,20487.0,121.0,67.47030072433674,58.42216761654458,48.516160667797884,20885.0,13.0,botnet
258.3520438601296,50.0,0.01,0.004442591137271254,42.81657322243831,64.21401846984726,52.522474170881395,20811.0,134.0,53.23513917769939,85.84574347802238,100.0,20623.0,134.0,35.45668304432161,76.49456649097874,70.56758649294329,21032.0,13.0,botnet
220.5958624327201,50.0,0.01,0.004721614855658016,83.5148495422533,100.0,84.5411814927275,20931.0,144.0,100.0,49.35311059330043,75.81931554179745,21006.0,145.0,15.324842509574763,50.481111544275,75.40635571603651,21342.0,13.0,botnet
166.81481122350561,50.0,0.01,0.004931643673138149,89.6403851252988,72.09448457788052,100.0,21238.0,153.0,84.62838563804151,35.7300890494326,100.0,21284.0,154.0,53.07215391626688,41.02326294792579,27.23432675471351,21628.0,13.0,botnet
197.16178386811274,50.0,0.01,0.005195806352143078,66.0886464947034,50.610627975394486,37.99451745203486,21677.0,163.0,100.0,71.71454048521542,39.134736136672075,21540.0,166.0,20.4253073214592,50.39984606740053,6.151879840588858,21856.0,14.0,botnet
273.50818373833835,50.0,0.01,0.005420095345094586,67.72463024561773,50.079385498799226,63.17285506289906,21992.0,171.0,43.60629953906657,80.33272152475749,51.78113888805217,21822.0,177.0,68.55206200512944,60.102518874182536,72.97009452786062,22204.0,14.0,botnet
221.66321259572928,50.0,0.01,0.005686069130629957,62.422497382087506,100.0,50.99879102729713,22255.0,184.0,41.193469946550266,46.67921917203079,53.441734158794574,22174.0,187.0,53.37183608424268,42.55280863213518,46.07712898067101,22527.0,14.0,botnet
240.40119421403853,50.0,0.01,0.0058880094681559286,94.34054383548025,96.27160717925906,99.37548647218864,22537.0,191.0,63.461362046966784,84.33684155726738,100.0,22442.0,195.0,42.18070423341236,69.59026686346556,51.83206765417151,22855.0,14.0,botnet
182.333857841258,50.0,0.01,0.006111825944554919,79.05289682542559,65.20753093191996,100.0,22851.0,201.0,70.39076024340237,54.005602899788116,75.33012961481973,22650.0,207.0,31.876556996592356,51.75154789792836,11.503674704107237,23087.0,14.0,botnet
142.96408267026536,50.0,0.01,0.006276422295006277,100.0,50.33793208975897,58.00312185173545,23113.0,208.0,93.43284080881642,61.001982171814646,100.0,22959.0,216.0,30.53735874208315,24.399713790757676,20.091105957108756,23431.0,14.0,botnet
214.13977216072232,50.0,0.01,0.006466742467310972,100.0,76.507910213908,54.50347948594399,23467.0,218.0,100.0,79.66364648122763,100.0,23319.0,228.0,48.555034857310424,67.92051713657473,77.11913423373329,23737.0,14.0,botnet
180.02148431781276,50.0,0.01,0.006680420473523922,79.65576165977023,88.14113873633636,100.0,23860.0,224.0,72.00391228195966,100.0,76.39173504118294,23544.0,240.0,26.250283362181868,65.26872441635764,2.1952759607079875,24018.0,14.0,botnet
225.19831259250276,50.0,0.01,0.006902095576006209,38.71127444643648,78.49744641118431,94.03772309541262,24153.0,233.0,74.62999571203471,91.838580600293,97.08877081836542,23950.0,253.0,16.30262585065001,27.611971254259625,72.20666142166421,24264.0,15.0,botnet
204.31472494761053,50.0,0.01,0.007098418614849124,83.06856732216437,50.22389311625521,100.0,24442.0,243.0,88.7912746601987,70.42130738165244,55.420401003455204,24183.0,265.0,18.427368619994773,60.60091611570519,67.78071323168722,24571.0,15.0,botnet
174.2200077708425,50.0,0.01,0.007307962972987603,11.136263977548735,54.167273558498096,43.676428942613924,24604.0,251.0,50.70052222771203,67.25432139960569,9.186385860987246,24483.0,274.0,45.660238323733296,39.27337538790624,10.531043156211329,24945.0,15.0,botnet
201.87033458932626,50.0,0.01,0.007456392819373234,73.03623714705907,45.00223153838699,68.74597374909219,24815.0,259.0,59.74334269724779,73.6026004987316,49.86301738856006,24742.0,283.0,80.86739278357007,26.896469209040262,70.36915432182688,25307.0,15.0,botnet
234.28435733623914,50.0,0.01,0.0076527577684082524,68.83684927369836,48.831023980063385,90.2963029902519,25143.0,269.0,83.23302084828778,55.4832814204755,69.65434325307909,24990.0,295.0,31.51401286538409,23.482566482530494,67.2151007526018,25662.0,15.0,botnet
233.61959809964156,50.0,0.01,0.007835982516702325,98.87665537093682,84.63011276073401,100.0,25319.0,278.0,84.497921468968,72.22862855017192,100.0,25129.0,306.0,85.96871639155306,73.1027984162109,48.779231591477426,25870.0,15.0,botnet
223.69687137692443,50.0,0.01,0.007986368543593346,77.5070937404963,88.50968367882433,100.0,25591.0,286.0,94.48394085610646,60.12426175037635,81.12932696772332,25301.0,314.0,85.83529329150177,25.897657812436258,10.054688471968976,26079.0,17.0,botnet
242.8586857216967,50.0,0.01,0.008117843818345556,72.75198115590787,100.0,54.528053684616204,25897.0,297.0,70.43652516842604,66.58685064435895,91.0711609398513,25530.0,323.0,70.73088578320899,59.26861498113761,66.69210875862825,26466.0,17.0,botnet
197.57922248799113,50.0,0.01,0.008288242408810237,74.61953921032469,59.90753260629007,100.0,26114.0,308.0,100.0,81.13905699872808,100.0,25826.0,332.0,64.94824772840823,41.04829158151003,98.07162668197736,26787.0,17.0,botnet
275.7652308235391,50.0,0.01,0.008518962579668075,100.0,92.62276102426505,100.0,26273.0,319.0,89.57874411574036,82.55075567979088,72.32077377728199,26041.0,344.0,49.72535162848543,61.393504660881675,3.7436594044530036,27020.0,17.0,botnet
170.85221614997212,50.0,0.01,0.008690874581689226,36.45056385152276,80.42862405851606,100.0,26523.0,331.0,100.0,91.33965637506537,100.0,26378.0,353.0,74.30742692692101,60.50578992097423,53.25402588941661,27364.0,17.0,botnet
273.39104212688466,50.0,0.01,0.008826397718715667,44.03127986846129,73.11816250146461,100.0,26864.0,340.0,97.19124295655368,61.84427522061304,57.7786824034543,26734.0,359.0,43.764476686740146,26.917886343596734,67.24747011318199,27656.0,18.0,botnet
249.24551186754064,50.0,0.01,0.00901308548367372,41.0064532941105,59.80028646941378,91.47988864599402,27099.0,351.0,100.0,56.40821574810429,48.470708556237824,26985.0,371.0,82.78650182518959,21.541050125293033,40.06330069449646,27941.0,18.0,botnet
181.43249764992987,50.0,0.01,0.00918960041540375,100.0,42.597663682746486,54.29341539487807,27428.0,362.0,100.0,100.0,51.11777986218412,27254.0,383.0,82.84359818707924,57.44757913977687,47.61889030700429,28260.0,18.0,botnet
263.7701663255513,50.0,0.01,0.010144485489318919,89.56987046321908,74.60851463302978,100.0,30405.0,430.0,59.83342523218598,74.19847271113808,100.0,28980.0,459.0,75.03136179738125,32.41414933465534,74.67796039242283,30336.0,20.0,ddos
229.87185085026164,50.0,0.01,0.009929393333121619,94.94485900585235,67.47569053925162,78.75405918985433,34772.0,456.0,88.35905329303765,73.4080645558733,100.0,29273.0,467.0,18.03557067472161,67.66237113243918,69.20198707418696,30609.0,20.0,ddos
225.0316161436474,50.0,0.01,0.00980548469387755,83.48696531441445,100.0,100.0,40113.0,491.0,88.81726288916596,88.28311479844041,36.56697056862349,29570.0,477.0,87.80874258023539,22.28587127569418,62.21351889840048,30919.0,20.0,ddos
227.0688375651426,50.0,0.01,0.0097156911710659,100.0,87.56641769009616,49.49344668995175,45465.0,526.0,84.86093228421237,68.34139124647373,100.0,29712.0,491.0,41.43318486113317,57.42022251636971,76.42698147853932,31146.0,20.0,ddos
204.5177691909689,50.0,0.01,0.009651699538396978,60.44931521339275,73.67058415857285,68.82815562638896,50778.0,565.0,98.15911450933874,96.24374516562386,56.1310903962426,29958.0,498.0,11.030023714933064,39.81596547743376,30.583393471941655,31404.0,20.0,ddos
216.91397456423488,50.0,0.01,0.00954433236334637,51.509119657481264,88.05226840884939,100.0,56075.0,602.0,100.0,48.79658672575237,79.5126969912394,30280.0,508.0,81.48550010209567,20.797753593930498,99.3086290128702,31732.0,20.0,ddos
274.90469895991976,50.0,0.01,0.009483726603711093,49.01008699678634,42.74708330937288,48.743416676624584,61429.0,637.0,45.931451370067506,69.45608127225798,67.1249661149551,30470.0,517.0,50.40439514978666,39.647684711525656,87.02257827538283,32022.0,20.0,ddos
244.76371511669157,50.0,0.01,0.009427339283923378,69.28096897986268,30.32683986214783,98.23920574372318,66779.0,675.0,23.5704734971917,38.41457631020855,64.22795438315542,30704.0,526.0,75.93107522797756,21.86925470380245,17.435526709541392,32259.0,21.0,ddos
207.12433882013724,50.0,0.01,0.009406079593314517,71.25605419446852,51.69580018657251,29.59998161152485,72053.0,715.0,85.88927253371762,36.954935185957254,84.66227581418545,31022.0,537.0,10.456257963193663,35.9493647353238,25.28552789759614,32483.0,21.0,ddos
212.0683883790232,50.0,0.01,0.009347996857816182,43.31597997956648,69.39694598917589,100.0,77264.0,753.0,83.22610942951667,68.88251590448614,97.78448870714385,31243.0,548.0,88.65513773041295,50.29682943164807,96.49275664654965,32649.0,22.0,ddos
245.8469876630544,50.0,0.01,0.009313681784825145,76.84198591068505,93.0807156809677,100.0,82508.0,788.0,92.44561195178883,95.6924765233108,100.0,31512.0,558.0,79.7144477853842,40.682115035594364,51.10215386650735,32918.0,22.0,ddos
204.79720360677163,50.0,0.01,0.00922884095256943,76.61180604192242,47.05577541765614,100.0,87781.0,819.0,70.64802456741077,74.34551310749639,91.76314327659861,31818.0,569.0,79.70744846779891,70.26215892344052,76.45289743770854,33192.0,22.0,ddos
254.7186224068456,50.0,0.01,0.009222385244183609,83.33830138390064,96.15626576629774,100.0,93021.0,857.0,54.427355906360454,49.533578570667345,100.0,32082.0,580.0,76.32805887747863,71.53149562346975,48.6022119315746,33544.0,22.0,ddos
202.53945022866924,50.0,0.01,0.009146565446308314,100.0,71.01999672553578,100.0,98289.0,888.0,87.3184965639671,84.93222170559199,96.84226546085999,32369.0,590.0,58.31912838921967,72.63338089133521,62.91841034158027,33784.0,22.0,ddos
256.9940450551239,50.0,0.01,0.009080966035058678,100.0,84.97699546094871,100.0,103574.0,922.0,54.057225719559604,79.74306331588934,57.50050856470273,32598.0,601.0,41.56409273858302,61.08342642314767,26.959679772514622,34129.0,22.0,ddos
212.97921981304646,50.0,0.01,0.009050575737824888,88.61572787830676,66.39819164668037,100.0,108770.0,956.0,70.00045798287721,66.03432026874687,79.72320499748908,32917.0,612.0,85.35278109861235,34.545364514779585,56.43770911427557,34411.0,23.0,ddos
201.82569443303836,50.0,0.01,0.009080690796941357,86.9669988023445,60.84107013383867,100.0,114076.0,1000.0,100.0,58.00441433553961,73.45995098170822,33168.0,626.0,76.86107814616162,75.51963860184003,87.16161713712212,34639.0,23.0,ddos
154.71777084579244,50.0,0.01,0.009070938705529361,100.0,96.84569651314438,100.0,119376.0,1045.0,100.0,75.40158273094261,54.77011726533015,33511.0,636.0,52.38600612766859,43.59856277184616,28.96474619509157,34939.0,23.0,ddos
261.6840086590764,50.0,0.01,0.009023657880245619,91.08460440840472,48.62873191085697,100.0,124688.0,1078.0,95.44446016094797,81.64063127419713,100.0,33734.0,647.0,14.058619819042537,26.03415026090147,6.087097382067618,35273.0,24.0,ddos
266.8733669000891,50.0,0.01,0.008892877128064488,61.39996412852834,46.016256570772626,100.0,130039.0,1099.0,33.49295582977366,52.430212810830014,82.26082127502029,34016.0,648.0,45.5302497946667,66.81849421881512,36.762869095950904,35473.0,24.0,ddos
145.61127318203017,50.0,0.01,0.008793490075498673,49.82047375042782,33.53774269219056,95.91724984239451,135324.0,1128.0,26.143150967491433,20.397818235397548,94.09139580164889,34259.0,648.0,51.42144597510064,53.16835616081745,60.032406195026766,35803.0,24.0,ddos
200.27814134690772,50.0,0.01,0.008677770531757403,71.17108660830019,40.58353089678609,100.0,140493.0,1156.0,20.095864865483975,29.973870370370097,30.054530775844878,34626.0,649.0,72.97036411459464,32.707775344709056,40.32660834877444,36099.0,25.0,ddos
174.5908137184623,50.0,0.01,0.008574550437987296,77.156362835167,58.60609472796388,83.69689629398965,145824.0,1181.0,36.54670966980876,59.42166834784028,15.9135356556925,34927.0,649.0,71.87758894681043,75.64896723445564,36.96281389368049,36410.0,26.0,ddos
153.50206465134096,50.0,0.01,0.008433648093418872,71.99030280502666,54.3206886136746,100.0,151196.0,1203.0,60.840410862326095,58.76525105782332,8.210077966147523,35206.0,649.0,45.23491105305938,66.6145109501687,61.05820617664739,36736.0,27.0,ddos
241.32615749379522,50.0,0.01,0.0006088897909478384,73.17752825363561,60.39670451979998,47.75160966691898,1983.0,2.0,79.74082749444439,62.366830251652594,43.394840772020096,1410.0,1.0,27.565203797446635,34.72584038583284,40.43881043776661,1683.0,0.0,normal
142.81118249349345,50.0,0.01,0.0007167174341515857,45.8626148522132,68.89738088383999,23.245900373885455,2232.0,2.0,38.35363053744157,26.268016766819862,52.22363886045075,1677.0,2.0,33.50958575916599,79.95232945341343,79.14846709420691,1855.0,0.0,normal
136.3512892542362,50.0,0.01,0.0007662835249042146,78.66232785992658,20.016035178838194,84.23921723832648,2508.0,2.0,50.631683939835966,51.53961448326778,64.6022488550337,1929.0,2.0,35.80185719311375,72.59296877256924,68.73918625347275,2217.0,1.0,normal
130.43210777097494,50.0,0.01,0.0006656017039403621,51.02835517803376,76.48985462079747,91.83468720996785,2896.0,2.0,88.08497001796796,62.68304005660581,51.23165264878288,2235.0,2.0,23.889424691864125,26.506698737183942,99.79538257550611,2563.0,1.0,normal
207.1729447906513,50.0,0.01,0.0005910864168341412,20.314612161114127,36.725645251303476,16.58465475996852,3252.0,2.0,73.40660274826814,56.036241049466575,79.3697234281681,2504.0,2.0,52.08674082068128,27.866436370191128,14.382822954292262,2800.0,1.0,normal
201.8222760860158,50.0,0.01,0.0005410669840926307,76.81591593684772,73.72915668975261,16.75167187297103,3549.0,2.0,80.4406808625494,27.0381501252943,15.590160989187929,2776.0,2.0,14.209704367377807,52.13371794833269,31.56764718035925,3088.0,2.0,normal
137.19712625580135,50.0,0.01,0.0006970028875833914,59.23193878998798,77.06154163735249,36.46181301439323,3769.0,2.0,26.87368053736117,35.687182538197455,86.93687212515437,3101.0,2.0,52.34199531651026,48.67007618461627,86.87373001644717,3348.0,3.0,normal
191.34561072624018,50.0,0.01,0.0008312551953449709,81.41905202353362,74.2217044458669,69.87393130476089,4035.0,3.0,32.500482509187876,23.987273842766797,9.149257721332226,3350.0,3.0,56.68593907074566,44.539826530964476,26.006239719901856,3643.0,3.0,normal
116.15854651530142,50.0,0.01,0.0007830172263789803,64.34301447865612,50.04216943459126,11.847468095911085,4264.0,3.0,52.71959898261477,53.35701544833804,40.052927772596234,3570.0,3.0,57.190108967626436,54.039821178624464,12.053173762860325,3891.0,3.0,normal
140.27315379181516,50.0,0.01,0.0008134049129656743,41.05107399339792,69.31911352241156,78.9196080644264,4597.0,4.0,20.999424775896507,50.03496742229524,1.5269717936095661,3788.0,3.0,15.29971984433585,71.72577230380168,38.79573697556883,4061.0,3.0,normal
198.1256662231302,50.0,0.01,0.0007623113279463333,16.989021716989328,72.27247486138337,0.5256857605747123,4900.0,4.0,87.04620581517267,77.96086059201781,63.33491254938129,4047.0,3.0,45.64196139254924,66.3258391575317,29.382473926751395,4281.0,3.0,normal
107.3177093120002,50.0,0.01,0.0007188555819135936,33.30831285738483,67.9324494948925,51.58005282876042,5227.0,4.0,29.671833543111504,30.659091158546897,83.6277090566152,4364.0,3.0,53.83234174531224,52.101991022717925,46.70530630844929,4509.0,3.0,normal
157.9003456859092,50.0,0.01,0.0006718172657037286,20.46432067355915,79.67883343076554,9.16117908486067,5612.0,4.0,83.0592443525443,61.701586444138094,95.36741349507474,4726.0,3.0,61.87714973016824,71.19340786364285,38.25638968096039,4762.0,3.0,normal
87.45364417661054,50.0,0.01,0.0007013964165019448,11.071349137566662,49.14734428316844,66.22863560439505,5889.0,4.0,74.98238300847642,74.78039320113174,92.93724844511004,4996.0,3.0,37.01638233675868,25.757690959420664,92.23216494152446,4991.0,4.0,normal
98.89901307911116,50.0,0.01,0.0006634899571747392,66.8781610342534,36.64194188237076,32.83879911044373,6201.0,4.0,37.166964096218365,26.702206189273635,83.34039502323148,5273.0,3.0,57.049834827722464,25.286983294299027,94.33992757986613,5296.0,4.0,normal
90.33804795114985,50.0,0.01,0.0006295066956621266,68.11580762019906,38.06329953035939,36.07658884209231,6665.0,4.0,73.45231777254507,29.73520926470055,90.53075360865898,5482.0,3.0,69.87505569773406,65.55518133479232,2.895612593688379,5474.0,4.0,normal
198.74453144494194,50.0,0.01,0.0006056935190793458,76.49213839172977,69.11330920706106,90.86714876486268,6841.0,4.0,12.51908826986349,54.51513313237133,35.092817351199535,5674.0,3.0,86.11959142545817,41.68165850953745,70.17361309930475,5723.0,5.0,normal
137.27284772019914,50.0,0.01,0.0006325110689437065,61.138951835008505,49.952171331470396,20.233075493235518,7150.0,4.0,21.069799404653217,60.60038370854619,20.856293609271948,5973.0,3.0,26.904865913752467,33.60884507501414,73.10939676472458,5993.0,5.0,normal
168.54242531292425,50.0,0.01,0.0006145966709346991,40.816308792447714,44.61731461715364,25.13505818457237,7322.0,4.0,50.76198958885736,74.96058375332919,94.32537160569137,6202.0,3.0,50.16356295594966,33.095540595389366,30.877477974482083,6186.0,5.0,normal
134.57178358402965,50.0,0.01,0.0006853674058843687,32.647992857301055,57.01909343116682,35.47144029072407,7629.0,6.0,86.45756908502483,28.081791492941335,43.08941798787429,6484.0,3.0,62.4828424841544,56.074809267210036,24.496970946959774,6461.0,5.0,normal
126.93599045855976,50.0,0.01,0.0006587615283267457,19.11449806415576,39.596495834784335,96.51312493770764,7933.0,6.0,47.81582726280316,31.696395605412405,13.656019129443075,6796.0,3.0,89.7286595891135,57.363527543134786,7.228472260555952,6729.0,5.0,normal
99.01004903572147,50.0,0.01,0.0006744301065599569,81.55550192219523,21.356706761450887,57.47264221011885,8238.0,7.0,75.85305041803473,27.163272470124486,67.1997179220724,7048.0,3.0,79.13200927970016,58.17774987246234,76.7113962697081,7066.0,5.0,normal
168.86790540631705,50.0,0.01,0.0006897443634952796,87.02667619827683,62.93526019650801,31.456105076875307,8534.0,7.0,39.80379854919821,47.0012427243941,83.22966480210735,7410.0,3.0,47.45018439979846,48.79142831691446,45.76455506036602,7425.0,6.0,normal
247.40096525981568,50.0,0.01,0.0006684491978609625,66.57098583328698,62.87631253724858,38.55387633669265,8849.0,7.0,78.37823363759938,28.026211754677973,74.24094693541927,7641.0,3.0,21.370013178758978,67.13956972108915,80.12697266048251,7684.0,6.0,normal
99.86208241064979,50.0,0.01,0.0006850143047104808,26.764741337865967,55.25815798697744,84.91033371323715,9123.0,8.0,67.04820254071831,78.75272054299181,10.363275462494748,7894.0,3.0,74.81570664376589,71.859985031479,3.6726249997566907,7959.0,6.0,normal
133.03336343533377,50.0,0.01,0.000700989173611652,26.626668343521764,42.72579430075302,41.65096431880569,9441.0,8.0,18.432510571224554,38.201029797575075,32.72047142488572,8200.0,3.0,53.60365580259205,61.499854478867455,22.29722050397691,8239.0,7.0,normal
183.59211853713526,50.0,0.01,0.0007162513665322125,34.05835814224539,27.867651212081753,48.75631754673279,9713.0,8.0,52.369222033101224,48.943566897071946,60.464445834913214,8438.0,4.0,31.600879867040128,24.030179648618216,76.65400759721746,8538.0,8.0,normal
134.3863424948346,50.0,0.01,0.0007295010213014298,34.73879176808084,58.442137296870726,95.92615545448747,10100.0,8.0,54.15380332389951,31.731330143090645,51.88177238143891,8695.0,4.0,45.44363947383143,60.1960320879151,97.49137755217328,8765.0,9.0,normal
104.06159774474636,50.0,0.01,0.0007812777442380766,26.602187270813424,62.142157576618644,61.664275769256975,10394.0,8.0,56.9521395233096,72.74176070827843,37.51702811080986,8927.0,5.0,87.71053735122949,39.84949203396852,73.25222786392689,9030.0,9.0,normal
99.49971143932831,50.0,0.01,0.0007551055431611464,62.978242548735686,28.834264807843574,7.316321530802162,10623.0,8.0,64.90279110106425,63.51877013195247,11.500269236810112,9308.0,5.0,82.97037285722885,24.773329291735187,23.65875993617402,9347.0,9.0,normal
78.01161741709151,50.0,0.01,0.0007654419595314164,13.739601385683518,48.892820441507595,62.99998730148909,10864.0,8.0,68.8876469749307,59.34945433225417,11.61976121769408,9657.0,5.0,44.36312528856728,49.46476843202183,93.86673272676937,9669.0,10.0,normal
210.9481363785354,50.0,0.01,0.0007474570212212798,43.71718902330417,62.48487466313956,93.80322873265341,11123.0,8.0,71.83583032573725,59.37966188141494,13.528121019203798,9923.0,5.0,46.692827925061195,34.824762642781394,86.52046294150345,9924.0,10.0,normal
225.5742479444374,50.0,0.01,0.0007568113017154389,40.473964132031874,69.92280570842989,60.287216542446245,11393.0,8.0,87.11043283711082,76.30047588920934,69.11906883668875,10271.0,5.0,16.417473301378624,64.4604866728956,31.952957120310387,10153.0,12.0,normal
116.1729186471819,50.0,0.01,0.0007995079950799508,18.48410885057713,64.27139736005107,99.7509343006635,11730.0,8.0,37.026927886279026,40.83398950780029,43.726001247497805,10564.0,6.0,61.769344591896605,23.246317978978364,28.150729386002617,10426.0,12.0,normal
139.51396407980448,50.0,0.01,0.0007779074290159471,11.426676872976298,73.58285963662084,63.09182089222425,12000.0,8.0,55.385993843215346,29.075409549780908,20.987218877383786,10788.0,6.0,36.370272127079886,63.10558337286243,55.72283421744418,10711.0,12.0,normal
138.1344165468403,50.0,0.01,0.0007913711237469957,54.85763881747175,77.5965433730693,60.882856819678786,12236.0,8.0,25.329721451632068,25.52204194419399,71.23028961006092,11059.0,7.0,29.799225857224698,59.71060370352801,7.959804003087267,10944.0,12.0,normal
204.8678693290994,50.0,0.01,0.0008274602676405969,16.19722142517581,63.85180776388288,85.2122271394895,12555.0,8.0,57.2271474850627,52.975743437832904,9.924892222125548,11397.0,8.0,86.67292198070724,72.05085941130477,76.02529258141595,11293.0,13.0,normal
213.7160699612202,50.0,0.01,0.0008055331796338991,51.41029882617847,26.42395673853084,16.6728040123558,12790.0,8.0,12.274355547203637,62.68219905641131,62.5035686116784,11761.0,8.0,50.64225858679346,34.812112245979336,53.51979487430412,11579.0,13.0,normal
177.2274521898508,50.0,0.01,0.0008408831986111865,39.686836853174185,24.005671216963602,64.61230856749512,13073.0,9.0,56.61989414724204,24.88840062681009,13.317045264426975,12071.0,9.0,80.33220754042843,26.035764947711577,95.43155617809475,11927.0,13.0,normal
254.86781903434226,50.0,0.01,0.0008208224110996372,69.58466779598601,53.5834790272037,11.196772758700547,13395.0,10.0,16.62279407608178,33.18758435658509,2.0422028452288132,12354.0,9.0,39.14248504702783,36.95794587540584,81.45731404848043,12196.0,13.0,normal
143.6043681036601,50.0,0.01,0.0008795074758135445,60.16993294984405,66.5735061992053,78.6439089467359,13739.0,11.0,58.196012019986625,27.50571760329593,62.45641211917891,12638.0,9.0,65.23898780876911,51.778569836506435,93.36538461227201,12373.0,14.0,normal
152.7587115155189,50.0,0.01,0.0008642163591073153,13.765968985946548,54.60838043793477,28.059951243883475,14089.0,11.0,57.71396669350934,31.591702128323064,89.07382756129066,12822.0,9.0,43.097904931249396,39.872454948682424,14.327040512519618,12539.0,14.0,normal
81.68094272338847,50.0,0.01,0.000872382851445663,80.53500519528475,40.26764347751906,3.489801629349254,14377.0,11.0,18.287878323233898,40.485600983648965,36.90416653779665,13101.0,10.0,14.029675040136631,50.27310942199074,32.36567846157722,12917.0,14.0,normal
191.3175041292436,50.0,0.01,0.0008532423208191126,62.66379112753476,48.67264435830974,53.02219868761349,14670.0,11.0,58.50423162773345,35.883040487392364,26.09895172237341,13415.0,10.0,60.479841752599114,39.54599783114481,97.86127497656591,13157.0,14.0,normal
212.1585569649162,50.0,0.01,0.0008625853600095842,78.67201449010199,44.960822023844834,50.0380002218962,14898.0,11.0,64.49157753284842,73.63155750770177,3.737349637843268,13619.0,10.0,54.273260588290015,41.2897823451817,61.37937807258026,13366.0,15.0,normal
167.1215467089758,50.0,0.01,0.0008652339639407899,87.26347651558996,33.06889397069347,29.630934179900326,15202.0,12.0,69.52693832122227,74.75175165458356,62.1748979331382,14047.0,10.0,48.06420718731598,33.69022767066298,21.242298131906978,13631.0,15.0,normal
100.55735198395446,50.0,0.01,0.0008482542011508746,58.8405661165835,49.76813073409934,61.689536326203076,15507.0,12.0,52.972648332816746,63.981010378423825,37.58081311085505,14382.0,10.0,37.435168299115695,79.67879030141575,70.84101223902685,13950.0,15.0,normal
80.84287324741494,50.0,0.01,0.0008747140357959897,57.05117359974086,25.19245375262524,70.39347229327622,15786.0,13.0,19.761377978287022,35.934275515111366,16.283022278869772,14739.0,11.0,53.26443601770752,20.31553311432737,43.8114499739407,14258.0,15.0,normal
153.24371753805502,50.0,0.01,0.0008815621280909772,28.924383732398162,36.304085181888084,7.0679808950422585,16027.0,13.0,53.55350787677665,64.66916054383348,18.804268285322024,14934.0,11.0,15.877125045170688,54.62664867484842,10.973362542557641,14536.0,16.0,normal
104.19942633097261,50.0,0.01,0.0008889081606105281,48.444770366241976,55.63288350641652,10.773289269460617,16284.0,14.0,66.8078349606929,22.51779836860249,31.75865246308077,15239.0,11.0,75.92908208106621,73.88558119457474,2.57447473258432,14792.0,16.0,normal
157.7794288359763,50.0,0.01,0.0009192158874708737,42.48709469460021,50.375927629450004,9.691263853446763,16433.0,16.0,57.73746812500867,25.547131535142572,31.721010105994164,15516.0,11.0,66.30477580738572,32.79515309974243,46.36891287616838,14996.0,16.0,normal
177.36255459408574,50.0,0.01,0.0009436929852154766,26.097613970641802,28.13952469322399,4.354865869341085,16788.0,16.0,30.611318919025024,26.70346340777281,20.947770301946512,15703.0,13.0,32.420025065499885,46.66014267501822,47.17740179685366,15301.0,16.0,normal
131.4080278058948,50.0,0.01,0.0009294064191003345,44.55245805024774,47.3606766860099,49.13688241782086,16956.0,16.0,12.654208571451875,77.45079584137794,3.345044123737151,15981.0,13.0,75.56510002199221,62.38611019424596,39.56625702500517,15669.0,16.0,normal
212.81310762931534,50.0,0.01,0.0009533661940404471,25.919187592522253,68.50643050191547,91.58068928020553,17209.0,17.0,51.47529008885848,56.591211849951364,54.93898840805811,16226.0,13.0,68.87119207369781,21.6471632255184,98.17838252827028,15957.0,17.0,normal
113.37545465128174,50.0,0.01,0.0009416195856873823,20.917594948520257,71.9194037718265,11.400901043183719,17452.0,17.0,57.351798180184375,27.122846978144114,37.91577021331707,16403.0,13.0,16.21060259597745,27.754028233962345,52.271085937033845,16229.0,17.0,normal
164.51749083790008,50.0,0.01,0.0009258347286516301,89.61308326624714,23.940264593367854,33.087069981299656,17696.0,17.0,62.77430273779074,75.94019213165475,50.2593293140533,16682.0,13.0,84.16134545960217,24.5656751338418,74.20707405467779,16498.0,17.0,normal
97.23231614895329,50.0,0.01,0.0009307376095555727,11.903188158411036,33.78489398680614,6.4727673605519565,17879.0,18.0,17.241378839597246,72.77435997603894,70.34661405520222,17067.0,13.0,61.77119373098341,72.15306775793168,34.38777868593509,16786.0,17.0,normal
185.34851465479136,50.0,0.01,0.0009350431264788947,59.14269450545913,59.470952511454534,82.81448254663634,18153.0,18.0,81.22025865159544,78.60566884548038,34.22703851687244,17348.0,13.0,62.893528794605096,27.462061740095095,61.23835557620589,17041.0,18.0,normal
191.83649070017037,50.0,0.01,0.0009217803529101923,14.911132792768784,26.97489498905649,43.317058366169235,18466.0,18.0,45.078594814979276,75.23974673548744,83.62776535078915,17651.0,13.0,13.254912234247405,26.20591551762425,21.040423129325514,17190.0,18.0,normal
101.27248925468129,50.0,0.01,0.0009051445460423016,32.843003057550035,37.427470167971194,68.71152342483066,18810.0,18.0,47.9886009454649,28.697442436440486,86.61663152626093,17947.0,13.0,19.751041145573225,32.192065542160094,19.39112406037351,17445.0,18.0,normal
203.29101962851317,50.0,0.01,0.0009130752373995618,84.3119880255318,62.87095691390972,98.2292620514253,18999.0,20.0,100.0,82.20355384926725,51.45345454011272,18133.0,16.0,22.61402984328874,44.92825669678504,27.34327530057775,17764.0,18.0,botnet
233.17009120766988,50.0,0.01,0.0012577260313353458,30.146979445487922,38.39440429316099,20.70352060121913,19340.0,27.0,74.31868611224562,71.15273705631921,19.782820821938575,18464.0,24.0,65.10955868096262,62.28969510692299,66.80232590061541,18102.0,19.0,botnet
215.3826295177239,50.0,0.01,0.001609053134117231,78.3519839194349,57.011970138626495,30.85870854509093,19613.0,39.0,11.698569815823001,79.84206946603572,62.48172775051377,18766.0,33.0,35.695628454698024,71.3586649452649,67.8982248304565,18387.0,19.0,botnet
146.10364142849633,50.0,0.01,0.001857530885831946,100.0,48.51528525168722,72.69988906462382,19793.0,49.0,100.0,100.0,93.1701611930567,18923.0,42.0,64.84756434639422,74.17994195911598,83.26395519414945,18521.0,19.0,botnet
241.5743348811753,50.0,0.01,0.002162816852668916,71.47567150704485,82.32826497946999,95.26507750988935,19944.0,58.0,100.0,89.21101847291489,63.128183898522565,19265.0,50.0,28.36842729468467,59.173944420337676,85.15857055458117,18759.0,19.0,botnet
179.54279778830815,50.0,0.01,0.0024776160207778007,71.72903131168464,73.9996022889725,100.0,20210.0,69.0,100.0,76.75792116307966,100.0,19511.0,59.0,63.80208775250189,67.97430988329984,97.61221568991586,18957.0,20.0,botnet
225.1972629578725,50.0,0.01,0.0028322880841594174,84.91842131601084,79.71226909636437,38.32145616849721,20521.0,83.0,92.96372602775915,90.96253561302302,38.39504074481766,19809.0,70.0,53.86055878942581,32.922901736459885,92.5600498896904,19219.0,21.0,botnet
155.15725650355193,50.0,0.01,0.0031570901598484595,100.0,49.353640029632786,100.0,20821.0,94.0,62.91949346724186,41.23895565120941,65.85736541148687,20099.0,81.0,29.706009770789315,39.44868941994396,23.82142598055317,19405.0,21.0,botnet
222.67458122952445,50.0,0.01,0.003471539922709111,79.12927407197316,71.69498945095899,94.99848436442451,21182.0,104.0,61.30161537818488,100.0,100.0,20299.0,92.0,73.12626666991557,78.12507165353472,76.80345938268205,19759.0,21.0,botnet
159.8413441867551,50.0,0.01,0.0037459230794071106,75.1384699842959,75.71911943914381,100.0,21496.0,114.0,41.26781199030626,77.20260945983676,67.46050407952163,20635.0,103.0,64.65790291418017,50.17907640830259,40.41018588171351,19894.0,21.0,botnet
216.53986594251805,50.0,0.01,0.004022860061939274,100.0,59.25874107510789,100.0,21762.0,122.0,79.41369707235327,100.0,59.49569436515894,20922.0,113.0,87.10811104661367,68.13157796811947,38.616364481271624,20092.0,22.0,botnet
181.03696286370564,50.0,0.01,0.00443427489348272,68.3900422593847,85.6350731528114,100.0,22059.0,138.0,96.80066198293633,79.34976442436758,100.0,21141.0,124.0,28.97626295463941,35.224150635405735,59.30314745780368,20395.0,23.0,botnet
235.36179706089175,50.0,0.01,0.004701486728419086,69.93334624196073,83.64432126344428,100.0,22338.0,147.0,62.83709908098292,69.26296077825528,100.0,21330.0,134.0,86.60368020083303,50.83596474072385,74.16123601094753,20753.0,23.0,botnet
230.98193659658483,50.0,0.01,0.004989143992239109,63.610024143515034,46.473525021148546,100.0,22574.0,159.0,67.37568916398979,98.7798146925266,66.36724267234706,21580.0,148.0,59.03652047972625,46.588429637521315,43.56798832781526,20988.0,23.0,botnet
206.76577142455196,50.0,0.01,0.005266992501745545,100.0,40.99842259814524,68.48647740948934,22765.0,168.0,46.72857213020055,68.09902694937992,100.0,21909.0,158.0,51.85526292393259,54.5410185803918,92.85092955601019,21348.0,23.0,botnet
216.40543365123773,50.0,0.01,0.005467591413634525,39.04423077605034,88.9537144812446,84.93678581062446,23049.0,178.0,53.31754138162802,45.74483925780752,63.4659889883407,22134.0,169.0,58.714013936518384,32.224487612933686,51.75452571234994,21655.0,23.0,botnet
210.82273455709637,50.0,0.01,0.005698047863602054,48.149274041199064,93.62273470723349,54.829277014056764,23360.0,189.0,73.36716269956935,86.1491250665401,100.0,22455.0,178.0,47.86760316072123,47.045362840239136,16.632481813519963,21877.0,24.0,botnet
233.41903037145227,50.0,0.01,0.006017409592802477,57.41120597989614,61.36510953846513,36.96478979068341,23667.0,203.0,71.62091234563042,94.86580097973756,78.23214158327815,22776.0,190.0,86.05506561093594,25.00794095249048,33.444643049890765,22220.0,24.0,botnet
206.806101304216,50.0,0.01,0.00623979893981194,60.98493865469625,59.62994096137824,70.43514934507688,23906.0,214.0,65.74825442818108,96.39130438507685,35.44945852765303,23021.0,198.0,32.25833741689421,32.46298272859935,16.786916665825213,22482.0,25.0,botnet
288.30362706411364,50.0,0.01,0.006530623910371831,100.0,74.28369578664896,100.0,24117.0,224.0,83.24319728883086,42.84984146923027,87.64922336749851,23206.0,212.0,79.5361619064931,45.25893384082248,65.23277287765805,22770.0,25.0,botnet
166.74505193929875,50.0,0.01,0.006702885768715162,62.3705460909282,99.35776410807624,81.31198852829613,24380.0,231.0,60.8011903241274,48.13759861538027,100.0,23562.0,223.0,55.71772407561906,79.52230219821544,83.45747155019116,23111.0,25.0,botnet
254.4773668908605,50.0,0.01,0.00687213370690977,74.08123456670764,96.73531669468196,100.0,24625.0,239.0,87.55443779283567,89.53100097836827,84.313462488207,23901.0,234.0,76.5146681052977,76.66909734930104,26.25085344567111,23341.0,25.0,botnet
207.25015575903808,50.0,0.01,0.007133414123609122,59.010689416796446,59.96371737266886,100.0,24871.0,251.0,96.78123412827061,83.97842257649157,100.0,24161.0,248.0,80.50018515723116,68.58739738984121,27.06902215413285,23741.0,25.0,botnet
265.63074786672627,50.0,0.01,0.007363167798412828,100.0,71.08596431042483,87.60601653418513,25157.0,260.0,85.8644090568539,100.0,72.64131924214715,24308.0,257.0,39.40622176353581,39.66213540829517,48.975585813989284,23988.0,25.0,botnet
194.15420635081944,50.0,0.01,0.00752021818083627,100.0,37.57719391114965,100.0,25330.0,270.0,80.43289439587969,48.82846247781487,87.49845225842893,24549.0,266.0,27.931271047986073,53.72737237846192,28.87941810565293,24326.0,25.0,botnet
155.47095492492846,50.0,0.01,0.007706152923138457,61.600321887770015,98.76032729300262,50.034961152309535,25511.0,281.0,96.33040860645016,98.3752409170482,52.775833431309934,24888.0,276.0,18.682809200265158,61.27407517610213,9.800388358027657,24723.0,25.0,botnet
206.72012243992762,50.0,0.01,0.00792967870901124,71.28657291755844,63.17107152288192,97.2813162793258,25808.0,291.0,69.13208700020672,95.03428478127677,41.874823917054464,25021.0,286.0,69.1784753074225,22.88785992792604,43.11904518651314,24918.0,25.0,botnet
157.111276713377,50.0,0.01,0.00804289544235925,55.766996823129446,24.370861897781417,13.974122991581305,26189.0,297.0,74.01182358415726,41.46011055116688,57.51809935165959,25268.0,293.0,32.54803426043142,50.46636616650087,21.860536516866624,25204.0,25.0,botnet
234.83602173706657,50.0,0.01,0.008186226964112512,84.14026526266328,34.346533413719854,80.35871984502519,26421.0,308.0,25.063103164339733,63.27871328573043,21.46916045914473,25528.0,300.0,78.49080967624965,24.878486384305695,21.406002960934465,25456.0,25.0,botnet
219.89770806657657,50.0,0.01,0.008397112931553914,28.994398698365124,64.50260053675686,87.91987276979198,26692.0,318.0,51.80044657473766,37.08954156133378,17.79721602319824,25814.0,311.0,82.41953722552432,43.932766384640686,71.54824843137345,25711.0,26.0,botnet
236.87955676931415,50.0,0.01,0.008494590888313272,100.0,98.52746197623466,66.11276482833262,26976.0,325.0,96.08818053788406,81.86110023103149,70.60012888176136,26004.0,321.0,52.640876828570725,26.767054063168157,83.67707171190973,25824.0,26.0,botnet
238.15452218277855,50.0,0.01,0.008650823588582924,71.24911959881103,95.15934207144106,100.0,27262.0,334.0,91.76496502272254,72.52445113257082,100.0,26266.0,331.0,39.28079407537059,63.964496152752,34.00473818550223,26094.0,26.0,botnet
169.22796270838694,50.0,0.01,0.008806616188706077,61.06502010746846,57.15329979675408,85.04922921067494,27557.0,342.0,71.9815585305478,87.52411817487344,93.31166663755309,26456.0,341.0,78.02259003187636,63.627606760530895,49.72278132694829,26367.0,26.0,botnet
177.49310214888212,50.0,0.01,0.00892846132027772,75.99897898255432,87.23521764724087,100.0,27837.0,353.0,56.37869150541352,80.8258866327987,100.0,26737.0,351.0,37.16854746575929,66.89439589213181,76.22660322614067,26717.0,26.0,botnet
230.80262676947876,50.0,0.01,0.009130801481463374,49.66666244941915,93.27885353593382,98.87122651972012,28015.0,365.0,100.0,73.9725650251267,53.971351442056886,26983.0,359.0,13.220338304320576,37.84983915546507,35.54874037185881,27045.0,27.0,botnet
218.02099480569487,50.0,0.01,0.00931222562192364,100.0,42.87605185788094,91.392682110933,28356.0,376.0,70.49757726857047,51.527279237474104,100.0,27285.0,371.0,28.298178869675,59.06721375789691,93.09669349513624,27280.0,27.0,botnet
230.79145514261592,50.0,0.01,0.010367503084218984,45.6167948268996,75.4278652368094,100.0,31289.0,448.0,84.16489869360946,76.80377998874705,90.34235100926485,29260.0,446.0,60.04446762447789,34.9584543751225,66.72492740127731,28983.0,28.0,ddos
205.32419737791193,50.0,0.01,0.010188254292027877,93.69396228228275,66.36997135454462,100.0,35505.0,480.0,50.536503301841876,86.09691310068746,100.0,29567.0,456.0,34.01204189702118,68.57852282254242,93.33840422703197,29252.0,28.0,ddos
211.5243900625208,50.0,0.01,0.010051507726158924,88.75119773122816,100.0,83.52814260493707,40738.0,513.0,100.0,100.0,52.33688547099332,29853.0,469.0,48.651919323663606,27.31563276922364,90.7281625272869,29518.0,28.0,ddos
187.37023015786758,50.0,0.01,0.009925417576496611,100.0,66.45233249706038,69.3089082992583,46065.0,548.0,100.0,94.051998413431,68.22922703594566,30090.0,480.0,17.74406974504549,29.5666849314796,7.070159291691569,29738.0,28.0,ddos
286.78231394196104,50.0,0.01,0.009858408827675373,63.08572979263896,92.82521733438037,70.42735030362871,51316.0,583.0,62.41422909624498,71.27330921778467,100.0,30265.0,490.0,30.360363715324485,40.286101041743,29.654004049074857,29993.0,28.0,ddos
280.1445763752451,50.0,0.01,0.009773210307536041,81.39658338383839,62.122502662377215,69.85702956223065,56450.0,620.0,67.15276858482328,50.889587851502334,86.12087852531602,30512.0,501.0,54.972306919647366,53.00654122439641,80.51833805675764,30297.0,28.0,ddos
223.95459945895155,50.0,0.01,0.00965287103731738,66.34834934157934,69.13546188913975,88.62577422067933,61690.0,653.0,100.0,91.63403775731635,100.0,30753.0,510.0,47.66466635456203,76.81330394733001,73.26406536245906,30627.0,28.0,ddos
207.39247112243993,50.0,0.01,0.009544593209282097,97.31713945730073,56.456183193641856,95.31350521167519,67024.0,688.0,92.4545338926127,53.70543290108567,76.8875093330217,31012.0,517.0,28.877241614499134,27.755925056216054,37.765418607754434,30950.0,28.0,ddos
256.7054102355171,50.0,0.01,0.009507186095740335,62.26550396614428,76.54378939652568,100.0,72198.0,727.0,50.5874275030627,75.47191852348473,86.67875774493332,31397.0,530.0,33.2696637344634,21.601042335972878,93.34688962155255,31254.0,28.0,ddos
200.15948692838217,50.0,0.01,0.00939124243503026,100.0,87.53200121274861,100.0,77566.0,755.0,100.0,100.0,66.71091616553845,31647.0,538.0,48.819069430450035,41.79045257589745,79.57393074188981,31435.0,28.0,ddos
263.638880055897,50.0,0.01,0.009339536917474568,12.775222995858941,49.449656932118074,24.267053262749773,82863.0,790.0,59.83358987829548,59.55324767452696,71.98045510264883,31954.0,548.0,55.49668873388356,52.90403549536258,19.01164206289565,31751.0,29.0,ddos
247.68566155695902,50.0,0.01,0.009250006574276172,49.045887635437765,70.77829479230039,43.60863651307313,88222.0,819.0,14.328920903296645,72.49013662877977,49.56359188478191,32137.0,559.0,42.226254727947925,79.86493227881519,67.54342493141155,31930.0,30.0,ddos
254.53581606829383,50.0,0.01,0.00922510392478187,11.799865328252563,47.33496519973036,8.675707627823947,93524.0,860.0,37.29295363235062,69.4617040286983,61.4926483729638,32384.0,567.0,67.79096961142216,20.195993722266046,9.142384923697744,32299.0,31.0,ddos
219.65909961458414,50.0,0.01,0.009195528544580313,29.153564579547144,62.94263214872401,47.38043688312259,98740.0,901.0,48.49035271548826,58.78711838220738,66.11730295656876,32760.0,575.0,15.159533782908703,34.81427756599436,67.56530075619335,32591.0,31.0,ddos
269.0639182807874,50.0,0.01,0.00912738864762623,78.48327263872348,56.29181421700645,71.30621657221981,103908.0,935.0,17.27279464158098,75.18284171834513,9.588649589470744,33102.0,583.0,65.357570379552,20.170376013508676,40.77350200407975,32879.0,31.0,ddos
275.85793525245106,50.0,0.01,0.009102074079175418,44.89907896475114,89.72469395856758,100.0,109105.0,969.0,82.89666255947131,71.86303335154228,100.0,33249.0,592.0,64.00707407176017,46.15925622590146,64.6185119718433,33053.0,31.0,ddos
210.92242736779474,50.0,0.01,0.009074904058159361,88.862457846869,51.40846272496077,100.0,114322.0,1007.0,76.12603836887773,78.48738069519298,66.40164225549981,33482.0,604.0,84.4772167532891,79.4409698193069,29.015007486763643,33321.0,31.0,ddos
297.8025650883281,50.0,0.01,0.009030451522576128,100.0,100.0,100.0,119591.0,1041.0,36.91924146637736,73.2290689850064,56.369817926452654,33739.0,613.0,39.58312101758527,30.055601511306214,16.796979300126413,33436.0,32.0,ddos
240.89611706029496,50.0,0.01,0.009046439434323164,74.95134678846536,64.15814947786382,100.0,124846.0,1081.0,45.21585936294649,20.70505519944769,35.295255783419435,33998.0,621.0,47.76761736170584,25.366026334764292,15.109765152585696,33659.0,32.0,ddos
210.88615809412954,50.0,0.01,0.0088797260607043,27.555702937962998,41.715708935871405,100.0,130218.0,1105.0,54.97309989661704,50.569473758371274,14.322717429587527,34320.0,621.0,41.405509045333844,76.06241272554581,49.96650269826147,34040.0,33.0,ddos
150.48600759475653,50.0,0.01,0.008738652299062661,88.36015319451214,70.04758414386689,100.0,135474.0,1127.0,12.326577034021371,53.96827661543607,87.25826091751104,34618.0,621.0,77.64486874372272,21.277982284281713,42.24336706568405,34340.0,33.0,ddos
155.6864504403488,50.0,0.01,0.008599455718542396,52.410080572358744,74.78573774714758,100.0,140748.0,1148.0,75.23994413681939,57.187619249116686,47.04721235826672,34856.0,621.0,74.02249693646088,71.75856300893076,1.8844386055278273,34603.0,34.0,ddos
158.27293964675636,50.0,0.01,0.008478401481626253,55.135544117611666,79.09916631501349,100.0,146081.0,1174.0,15.39090741043025,24.313145767790303,25.35847423797093,35036.0,621.0,13.344644040604772,75.97355054266777,5.722421049843895,35016.0,34.0,ddos
214.41150555324572,50.0,0.01,0.008367423676139478,60.03492647157372,28.54691700636714,100.0,151265.0,1195.0,53.98747675882931,74.3998089939411,55.582980385783344,35380.0,621.0,16.689120474272123,64.6571159917917,96.7347427103113,35244.0,34.0,ddos
